{
  "0": 0.9403669724770642,
  "1": 0.9586193371249264,
  "2": 0.9590262713906965,
  "3": 0.9028452463566967,
  "4": 0.9639318271898534,
  "5": 0.9328859060402684,
  "6": 0.934243803743045,
  "7": 0.9301634472511144,
  "8": 0.8753012048192771,
  "9": 0.9297805642633229
}