{
  "0": 0.9208715596330275,
  "1": 0.9548931162973132,
  "2": 0.9491443721378645,
  "3": 0.8917418459403192,
  "4": 0.9441141498216409,
  "5": 0.9190436241610739,
  "6": 0.8983308042488619,
  "7": 0.9227340267459139,
  "8": 0.8524096385542169,
  "9": 0.8877742946708463
}